id,metodo,resultado,duracion_s,detalle
"PF-DET-01","-[ExplorarFavoritosPerfilUITests test_PF_DET_01_detalleMuestraDatosYPlanetaNatal]","Pasa",26.327,""
"PF-FAV-01","-[ExplorarFavoritosPerfilUITests test_PF_FAV_01_marcarFavoritoLoAgregaAFavoritos]","Pasa",27.533,""
"PF-FAV-02","-[ExplorarFavoritosPerfilUITests test_PF_FAV_02_desmarcarFavoritoLoQuitaDeFavoritos]","Pasa",31.852,""
"PF-FAV-03","-[ExplorarFavoritosPerfilUITests test_PF_FAV_03_abrirDetalleDesdeFavoritos]","Pasa",30.211,""
"PF-LST-01","-[ExplorarFavoritosPerfilUITests test_PF_LST_01_listaCargaPersonajesDesdeSwapi]","Pasa",24.693,""
"PF-LST-02","-[ExplorarFavoritosPerfilUITests test_PF_LST_02_busquedaFiltraPorNombreSinDistinguirMayusculas]","Pasa",28.254,""
"PF-LST-03","-[ExplorarFavoritosPerfilUITests test_PF_LST_03_busquedaSinResultadosInformaAlUsuario]","Falla",27.265,"[ExplorarFavoritosPerfilUITests.swift:49] XCTAssertTrue failed - No se informa al usuario que la búsqueda no tuvo resultados"
"PF-LST-04","-[ExplorarFavoritosPerfilUITests test_PF_LST_04_pullToRefreshRecargaLaLista]","Falla",33.055,"[ExplorarFavoritosPerfilUITests.swift:66] XCTAssertGreaterThan failed: ('0') is not greater than ('0') - Tras 'pull to refresh' la lista queda vacía (antes: 82 celdas)"
"PF-LST-05","-[ExplorarFavoritosPerfilUITests test_PF_LST_05_mensajeDeListaVaciaAcordeALaApp]","Falla",32.419,"[ExplorarFavoritosPerfilUITests.swift:80] XCTAssertFalse failed - El mensaje de estado vacío menciona 'pokemon': Oops... Sorry, we couldn't find any pokemon."
"PF-PRF-01","-[ExplorarFavoritosPerfilUITests test_PF_PRF_01_perfilMuestraLikesYVistos]","Pasa",44.980,""
"PF-PRF-02","-[ExplorarFavoritosPerfilUITests test_PF_PRF_02_perfilMuestraBotonesCamaraYGaleria]","Pasa",28.314,""
"PF-LOG-01","-[RegistroLoginUITests test_PF_LOG_01_botonEntrarDeshabilitadoConCamposVacios]","Pasa",11.075,""
"PF-LOG-02","-[RegistroLoginUITests test_PF_LOG_02_credencialesInvalidasMuestranError]","Pasa",16.406,""
"PF-LOG-03","-[RegistroLoginUITests test_PF_LOG_03_loginExitosoMuestraHomeSinBotonAtras]","Pasa",20.777,""
"PF-LOG-04","-[RegistroLoginUITests test_PF_LOG_04_mensajesDeLoginEnEspanol]","Falla",18.145,"[RegistroLoginUITests.swift:132] XCTAssertFalse failed - RNF-06: la alerta de error se muestra en inglés ('Invalid credentials')"
"PF-REG-01","-[RegistroLoginUITests test_PF_REG_01_navegarARegistroDesdeLogin]","Pasa",9.871,""
"PF-REG-02","-[RegistroLoginUITests test_PF_REG_02_botonRegistroDeshabilitadoConFormularioVacio]","Pasa",9.595,""
"PF-REG-03","-[RegistroLoginUITests test_PF_REG_03_datosInvalidosMuestranMensajes]","Pasa",17.320,""
"PF-REG-04","-[RegistroLoginUITests test_PF_REG_04_registroExitosoYLoginConNuevaCuenta]","Falla",25.696,"[RegistroLoginUITests.swift:66] XCTAssertTrue failed"
"PF-REG-05","-[RegistroLoginUITests test_PF_REG_05_contrasenaDebilNoDebePermitirRegistro]","Pasa",29.488,""
"PF-SPL-01","-[RegistroLoginUITests test_PF_SPL_01_splashTransicionaAlLoginEnMenosDe10s]","Pasa",11.299,""
